title,pack,artist,difficulty,level,constant,bpm,side,chart_designer,unlock,image
Sayonara Hatsukoi,Arcaea,REDSHiFT,FUTURE,7,7,178,Light,Toaster,None,images/Sayonara Hatsukoi.jpg
Sayonara Hatsukoi,Arcaea,REDSHiFT,ETERNAL,8,8.5,178,Light,Luxance + Exschwasion,None,images/Sayonara Hatsukoi.jpg
Fairytale,Arcaea,chitose,FUTURE,7,7,189,Light,Toaster,None,images/Fairytale.jpg
Fairytale,Arcaea,chitose,BEYOND,9,9.5,189,Light,Nitro in Wonderland,World Mode L-3,images/Fairytale_BYD.jpg
Vexaria,Arcaea,ak+q,FUTURE,7,7,180,Light,Nitro,None,images/Vexaria.jpg
Vexaria,Arcaea,ak+q,BEYOND,9,9,180,Light,石樂,World Mode L-2,images/Vexaria_BYD.jpg
Rise,Arcaea,Combatplayer,FUTURE,7+,7.8,140,Light,Nitro,None,images/Rise.jpg
Lucifer,Arcaea,chitose,FUTURE,8,8.2,165,Conflict,Nitro,World Mode 1-2,images/Lucifer.jpg
Snow White,Arcaea,Puru,FUTURE,8,8.4,150,Light,Toaster,Clear Rise [FTR],images/Snow White.jpg
Snow White,Arcaea,Puru,BEYOND,9+,9.7,150,Light,én + Nitro,Clear Rise [FTR],images/Snow White.jpg
Shades of Light in a Transcendent Realm,Arcaea,ak+q,FUTURE,8,8.3,170,Light,Nitro,None,images/Shades of Light in a Transcendent Realm.jpg
Shades of Light in a Transcendent Realm,Arcaea,ak+q,BEYOND,9,9.1,170,Light,N↑TRO,World Mode L-29,images/Shades of Light in a Transcendent Realm_BYD.jpg
Babaroque,Arcaea,cYsmix,FUTURE,8,8.5,136,Light,Toaster,World Mode 1-1,images/Babaroque.jpg
Lost Civilization,Arcaea,Laur vs CK,FUTURE,9,9.2,75-210,Conflict,Toaster,Clear Sonw White [FTR],images/Lost Civilization.jpg
Lost Civilization,Arcaea,Laur vs CK,BEYOND,9+,9.8,75-210,Conflict,Nitro affected by Nitro,World Mode L-10,images/Lost Civilizatoin_BYD.jpg
GOODTEK (Arcaea Edit),Arcaea,EBIMAYO,FUTURE,9,9.3,190,Light,Nitro,Clear Harutopia ~Utopia of Spring~ [FTR],images/GOODTEK.jpg
GOODTEK (Arcaea Edit),Arcaea,EBIMAYO,BEYOND,9+,9.8,190,Light,GOODTOAST,World Mode L-1,images/GOODTEK_BYD.jpg
qualia -ideaesthesia-,Arcaea,nitro,FUTURE,9,9.1,144,Conflict,-chartaesthesia-,World Mode 1-4 + Clear Rabbit In The Black Room [FTR],images/qualia -ideaesthesia-.jpg
qualia -ideaesthesia-,Arcaea,nitro,BEYOND,9+,9.8,144,Conflict,moonquay -end of chartaesthesia-,World Mode L-16,images/qualia -ideaesthesia-_BYD.jpg
Dement ~after legend~,Arcaea,Cosmograph,FUTURE,7+,7.8,210,Conflict,Toaster,None,images/Dement ~after legend~.jpg
Dement ~after legend~,Arcaea,Cosmograph,BEYOND,9+,9.9,210,Conflict,Nitro ~ABYSS~,World Mode L-6,images/Dement ~after legend~_BYD.jpg
Dandelion,Arcaea,Farhan,FUTURE,8,8.5,169,Light,Nitro,None,images/Dandelion.jpg
Infinity Heaven,Arcaea,HyuN,FUTURE,7+,7.8,160,Light,Nitro,None,images/Infinity Heaven.jpg
Infinity Heaven,Arcaea,HyuN,BEYOND,9,9.6,160,Light,Nitr∞,World Mode L-4,images/Infinity Heaven_BYD.jpg
Anökumene,Arcaea,Jun Kuroda,FUTURE,9,9.2,186,Conflict,Toaster,World Mode 1-2,images/Anökumene.jpg
Brand new world,Arcaea,U-ske,FUTURE,7+,7.8,160,Conflict,Nitro 2.0,None,images/Brand new world.jpg
Chronostasis,Arcaea,黒皇帝,FUTURE,8+,8.9,196,Conflict,Kurorak,Clear Infinity Heaven [FTR],images/Chronostasis.jpg
Kanagawa Cyber Culvert,Arcaea,南ゆに,FUTURE,9,9,180,Light,Nitro,World Mode 1-1,images/Kanagawa Cyber Culvert.jpg
Kanagawa Cyber Culvert,Arcaea,南ゆに,BEYOND,9+,9.8,180,Light,Exschwas↓on,World Model L-15,images/Kanagawa Cyber Culvert_BYD.jpg
Clotho and the stargazer,Arcaea,しーけー,FUTURE,7+,7.8,230,Light,小東星,None,images/Clotho and the stargazer.jpg
Clotho and the stargazer,Arcaea,しーけー,ETERNAL,8+,8.8,230,Light,eién,None,images/Clotho and the stargazer.jpg
Ignotus,Arcaea,ak+q,FUTURE,9,9.3,170,Conflict,Toaster,World Mode 1-2,images/Ignotus.jpg
Ignotus Afterburn,Arcaea,Arcaea Sound Team,BEYOND,9+,9.9,170,Conflict,Toaster × 石樂,World Mode L-20,images/Ignotus Afterburn.jpg
Harutopia ~Utopia of Spring~,Arcaea,A-zu-ra,FUTURE,8,8.5,185,Light,トーストピア ~Utopia of Toast~,World Mode 1-3,images/Harutopia ~Utopia of Spring~.jpg
Rabbit In The Black Room,Arcaea,Rabbit House,FUTURE,8,8.4,270,Conflict,Toaster,World Mode 1-4,images/Rabbit In The Black Room.jpg
One Last Drive,Arcaea,REDSHiFT,FUTURE,8,8.2,154-175,Light,Toaster,None,images/One Last Drive.jpg
Dreamin' Attraction!!,Arcaea,翡乃イスカ,FUTURE,9,9.4,205,Light,Nitro,World Mode 1-3 + Clear GOODTEK (Arcaea Edit) [FTR],images/Dreamin' Attraction!!.jpg
Red and Blue,Arcaea,Silentroom,FUTURE,9,9.4,150,Conflict,-chartaesthesia- LEFT=BLUE RED=RIGHT,World Mode 1-4 + Clear qualia -ideaesthesia- [FTR],images/Red and Blue.jpg
Red and Blue and Green,Arcaea,fn(ArcaeaSoundTeam),BEYOND,10,10.2,160,Conflict,"moonquay ""retrograde"" BLUE=LEFT RIGHT=RED",World Mode L-21,images/Red and Blue and Green.jpg
Reinvent,Arcaea,Sound Souler,FUTURE,8,8.5,174,Light,k//eternal + nitro,None,images/Reinvent.jpg
Syro,Arcaea,mitomoro,FUTURE,9,9.3,178,Light,Toaster,World Mode 2-1,images/Syro.jpg
Blaster,Arcaea,Massive New Krew,FUTURE,9,9.3,180,Conflict,k//urorak,World Mode 2-1 + Clear Syro [FTR],images/Blaster.jpg
Cybernecia Catharsis,Arcaea,Tanchiky,FUTURE,9,9.5,184,Conflict,Kero + Nitro,World Mode 2-1,images/Cybernecia Catharsis.jpg
Cybernecia Catharsis,Arcaea,Tanchiky,BEYOND,9+,9.8,184,Conflict,antymis,World Mode B1-2,images/Cybernecia Catharsis_BYD.jpg
inkar-usi,Arcaea,DIA,FUTURE,7+,7.8,102,Light,Kurorak,None,images/inkar-usi.jpg
inkar-usi,Arcaea,DIA,BEYOND,9,9.4,102,Light,CERiNG,World Mode B1-1,images/inkar-usi_BYD.jpg
Suomi,Arcaea,Aire,FUTURE,7+,7.8,125,Light,Toastie,World Mode 3-1,images/Suomi.jpg
Suomi,Arcaea,Aire,ETERNAL,8+,8.9,125,Light,CERiNG,World Mode 3-1,images/Suomi.jpg
Bookmaker (2D Version),Arcaea,Kobaryo,FUTURE,8,8.3,175,Conflict,Kurorak,World Mode 3-2,images/Bookmaker.jpg
Bookmaker (2D Version),Arcaea,Kobaryo,BEYOND,10,10,175,Conflict,Toastmaker,World Mode L-11,images/Bookmaker_BYD.jpg
Illegal Paradise,Arcaea,gmtn. (witch's slave),FUTURE,9,9.5,168,Conflict,k//eternal + nitro,World Mode 3-2,images/Illegal Paradise.jpg
Nhelv,Arcaea,Silentroom,FUTURE,9+,9.9,174.59,Conflict,Nitro｢Katastrophe｣,World Mode 3-5,images/Nhelv.jpg
LunarOrbit -believe in the Espebranch road-,Arcaea,Apo11o program ft. 大瀬良あい,FUTURE,9,9.6,192,Conflict,月刊Toaster,World Mode 3-2,images/LunarOrbit -believe in the Espebranch road-.jpg
Purgatorium,Arcaea,お月さま交響曲,FUTURE,8,8.4,150,Conflict,Kurorak,None,images/Purgatorium.jpg
Purgatorium,Arcaea,お月さま交響曲,BEYOND,9,9.6,150,Conflict,Toaster,World Mode L-5,images/Purgatorium_BYD.jpg
Rugie,Arcaea,Feryquitous feat.Sennzai,FUTURE,9,9.2,191,Conflict,k//urorak,World Mode 3-1 + Cleared Suomi [FTR],images/Rugie.jpg
Grimheart,Arcaea,Puru,FUTURE,8+,8.7,170,Light,Toaster,None,images/Grimheart.jpg
ReviXy,Arcaea,ikaruga_nex,FUTURE,9,9.1,115-185,Conflict,Revoke Kurorak,World Mode 4-3,images/ReviXy.jpg
VECTOЯ,Arcaea,WHITEFISTS,FUTURE,9,9.4,200,Conflict,Nitro,World Mode 4-2 + Clear Grimheart [FTR],images/VECTOЯ.jpg
SUPERNOVA,Arcaea,BACO,FUTURE,9+,9.7,150,Conflict,東超新星,World Mode 4-3 + Clear ReviXy [FTR],images/SUPERNOVA.jpg
Diode,Arcaea,Kolaa,FUTURE,8,8.1,132,Light,Kurorak,World Mode 4-7,images/Diode.jpg
FREEF4LL,Arcaea,YUKIYANAGI,FUTURE,8,8.6,170,Conflict,N↓TRO,World Mode 4-7 + Clear Diode [FTR],images/FREEF4LL.jpg
FREEF4LL,Arcaea,YUKIYANAGI,BEYOND,9+,9.8,170,Conflict,TO4STER,World Mode L-26,images/FREEF4LL_BYD.jpg
Monochrome Princess,Arcaea,polysha,FUTURE,9+,9.7,160,Conflict,N↕︎tro,World Mode 4-7 + Clear FREEF4LL [FTR],images/Monochrome Princess.jpg
Senkyou,Arcaea,MYTK,FUTURE,8+,8.7,90,Light,k//eternal,None,images/Senkyou.jpg
world.execute(me);,Arcaea,Mili,FUTURE,8,8,130,Light,toaster.chart(this);,None,images/world.execute(me);.jpg
Oblivia,Arcaea,Saiph,FUTURE,8,8.3,180,Light,Toaster,None,images/Oblivia.jpg
Oblivia,Arcaea,Saiph,BEYOND,9+,9.7,180,Light,Nitro ｢The Forgotten｣,World Mode B1-3,images/Oblivia_BYD.jpg
Ävril -Flicka i krans-,Arcaea,Rigël Theatre,FUTURE,8,8.3,130,Light,Aster -Får i Vaaris-,World Mode 6-9,images/Ävril -Flicka i krans-.jpg
Sakura Fubuki,Arcaea,Street,FUTURE,9,9.4,175,Light,én,None,images/Sakura Fubuki.jpg
NULCTRL,Arcaea,Silentroom,FUTURE,9,9.5,100,Conflict,moonquay [NUL],World Mode 6-9 + Clear Ävril -Flicka i krans- [FTR],images/NULCTRL.jpg
DDD,Arcaea,はがね,FUTURE,8,8.5,138,Light,én,World Mode 6-10,images/DDD.jpg
Dancin' on a Cat's Paw,Arcaea,Ino(chronoize),FUTURE,9,9.2,148,Light,antymis,World Mode 6-9 + Clear NULCTRL [FTR],images/Dancin' on a Cat's Paw.jpg
Trap Crow,Arcaea,Puru,FUTURE,9+,9.9,80,Conflict,CERiNG + Nitro,World Mode 7-1 + Clear Redraw the Colorless World [FTR],images/Trap Crow.jpg
san skia,Arcaea,ユアミトス,FUTURE,8,8.3,170,Light,CERiNG,World Mode 6-10 + Clear DDD [FTR],images/san skia.jpg
Altair (feat. *spiLa*),Arcaea,kamome sano & you,FUTURE,8,8.5,170,Light,antymis,World Mode 7-1,images/Altair.jpg
Redraw the Colorless World,Arcaea,MisomyL,FUTURE,9,9.4,155,Light,antymis ~虹色~,World Mode 7-1 + Clear Altair (feat. *spiLa*) [FTR],images/Redraw the Colorless World.jpg
Dialnote,Arcaea,七草くりむ,FUTURE,8+,8.8,130,Light,Nitroです。,None,images/Dialnote.jpg
Remind the Souls (Short Version),Arcaea,Nhato,FUTURE,9,9.6,130,Light,Nitro,None,images/Remind the souls.jpg
The Formula,Arcaea,Junk,FUTURE,9,9.3,144,Light,Dec18,None,images/The Formula.jpg
Jingle,Arcaea,DJ Noriken,FUTURE,7+,7.8,170,Light,Exschwasion,None,images/Jingle.jpg
Jingle,Arcaea,DJ Noriken,ETERNAL,9,9.5,170,Light,KLMNOP,None,images/Jingle.jpg
Hidden Rainbows of Epicurus,Arcaea,SYNC.ART'S feat.Misato,FUTURE,7,7.5,155,Light,Dec18,None,images/Hidden Rainbows of Epicurus.jpg
Hidden Rainbows of Epicurus,Arcaea,SYNC.ART'S feat.Misato,ETERNAL,8+,8.8,155,Light,Dec18,None,images/Hidden Rainbows of Epicurus.jpg
SATISFACTION,Arcaea,P*Light & DJ Noriken feat. KMNZ,FUTURE,8,8.5,180,Conflict,Nitro,None,images/Satisfaction.webp
SATISFACTION,Arcaea,P*Light & DJ Noriken feat. KMNZ,ETERNAL,9,9.5,180,Conflict,Nitro,None,images/Satisfaction.webp
Dematerialized,Arcaea,In Love With A Ghost,FUTURE,7,7.5,86,Conflict,karat,None,images/Dematerialized.webp
Dematerialized,Arcaea,In Love With A Ghost,ETERNAL,8,8.3,86,Conflict,karat,None,images/Dematerialized.webp
Vivid Theory,Extend Archive 1,ak+q,FUTURE,8+,8.8,178,Light,TaroNuke,None,images/Vivid Theory.jpg
1F√,Extend Archive 1,WHITEFISTS,FUTURE,8,8.2,130,Light,Nitro,None,images/1F√.jpg
Gekka (Short Version),Extend Archive 1,Nhato,FUTURE,8,8.6,132,Light,Nitro,None,images/Gekka.jpg
Give Me a Nightmare,Extend Archive 1,アリスシャッハと魔法の楽団,FUTURE,8+,8.9,95-190,Conflict,CERiNG,None,images/Give Me a Nightmare.jpg
Black Lotus,Extend Archive 1,wa.,FUTURE,9+,9.7,200,Conflict,Exschwasion,None,images/Black Lotus.jpg
Faint Light,Extend Archive 1,Taishi,FUTURE,9,9.1,133,Light,Nitro,None,images/Faint Light.jpg
CROSS†OVER,Extend Archive 1,HyuN feat. LyuU,FUTURE,9,9.4,200,Conflict,Exschwasion,None,images/CROSS†OVER.jpg
Lapis,Extend Archive 1,SHIKI,FUTURE,9,9.4,146,Light,CERiNG,None,images/Lapis.jpg
Purple Verse,Extend Archive 1,Hommarju,FUTURE,9,9.6,170,Conflict,Exschwasion,None,images/Purple Verse.jpg
Purple Verse,Extend Archive 1,Hommarju,BEYOND,10,10.6,170,Conflict,/ERROR/ 絶滅,World Mode B1-5,images/Purple Verse_BYD.jpg
Glow,Extend Archive 1,SPACELECTRO,FUTURE,9,9.3,165,Conflict,Exschwasion,None,images/Glow.jpg
enchanted love,Extend Archive 1,linear ring,FUTURE,8,8.6,95,Light,Toaster,None,images/enchanted love.jpg
Bamboo,Extend Archive 1,立秋 feat.ちょこ,FUTURE,10,10,5-315,Light,竹の子,None,images/Bamboo.jpg
Life is PIANO,Extend Archive 1,Junk,FUTURE,9,9.1,133,Light,Nitro,None,images/Life is PIANO.jpg
Vandalism,Extend Archive 1,Ashrount,FUTURE,9+,9.7,194,Conflict,Kurorak,None,images/Vandalism.jpg
Turbocharger,Extend Archive 1,A/I,FUTURE,9,9,128-170,Light,Toaster,None,images/Turbocharger.jpg
False Embellishment,Extend Archive 1,影虎。 & ikaruga_nex,FUTURE,9,9.3,155,Conflict,Exschwasion,None,images/False Embellishment.jpg
HIVEMIND,Extend Archive 1,かたぎり,FUTURE,10,10,252,Conflict,NITRO -unconnected-,None,images/HIVEMIND.jpg
blue comet,Extend Archive 1,ああああ,FUTURE,8,8.2,100-172,Light,Toaster,None,images/blue comet.jpg
ENERGY SYNERGY MATRIX,Extend Archive 1,Tanchiky,FUTURE,9,9.6,160,Conflict,POWER NITRO,None,images/ENERGY SYNERGY MATRIX.jpg
G e n g a o z o,Extend Archive 1,-45,FUTURE,10,10.1,153,Conflict,_ F U T U R E,None,images/G e n g a o z o.jpg
"Tsuki ni Murakumo, Hana ni Kaze",Extend Archive 2,幽閉サテライト,FUTURE,8+,8.7,160,Conflict,Lovely Visitor｢Toaster｣,None,"images/Tsuki ni Murakumo, Hana ni Kaze.jpg"
MANTIS (Arcaea Ultra-Bloodrush VIP),Extend Archive 2,Akira Complex feat. kiraku,FUTURE,9,9.4,135,Conflict,ANTyMIS,None,images/MANTIS.jpg
World Fragments III(radio edit),Extend Archive 2,xi,FUTURE,9+,9.8,200,Light,én supported by Nitro,None,images/World Fragments III.jpg
Astra walkthrough,Extend Archive 2,paraoka,FUTURE,9+,9.9,225,Conflict,Aster join Toaster.,None,images/Astra walkthrough.jpg
Chronicle,Extend Archive 2,Lime,FUTURE,10,10.5,221,Light,夜浪 -Annales Historiae-,None,images/Chronicle.jpg
Let's Rock (Arcaea mix),Extend Archive 2,ikaruga_nex vs FALCHiON,FUTURE,9+,9.7,210,Conflict,Luxance,None,images/Let's Rock.jpg
Lost Emotion feat. nomico,Extend Archive 2,Masayoshi Minoshima(ALR),FUTURE,9,9.3,172,Light,ポーカーフェイスのToaster,None,images/Lost Emotion feat. nomico.jpg
GIMMICK,Extend Archive 2,Ms.Sill,FUTURE,9,9.5,143,Conflict,antymis + Nitro,None,images/GIMMICK.jpg
Lawless Point,Extend Archive 2,La prière,FUTURE,9,9,148,Conflict,Luxance,None,images/Lawless Point.jpg
Hybris (The one who shattered),Extend Archive 2,qfeileadh feat.のあ,FUTURE,9+,9.8,158,Conflict,Exschwasion,None,images/Hybris.jpg
Ultimate taste,Extend Archive 2,ぱらどっと,FUTURE,9+,9.9,200,Light,Arcaea Charting Team【Full Flavor】,None,images/Ultimate taste.jpg
RGB,Extend Archive 2,MEMODEMO X AQUASINE,FUTURE,9+,9.8,163,Light,NO₂,None,images/RGB.jpg
Kanjou no Matenrou ～Arr.Demetori,Extend Archive 2,Demetori,FUTURE,9+,9.8,178,Conflict,N•Ex•T,None,images/Kanjou no Matenrou ～Arr.Demetori.jpg
Dynitikós,Extend Archive 2,Prower,FUTURE,9,9.5,180,Conflict,Exschwasión,None,images/Dynitikós.jpg
Amekagura,Extend Archive 2,荒谷サトル,FUTURE,9+,9.9,105,Light,antymis,None,images/Amekagura.jpg
FANTA5Y,Extend Archive 2,Moon Jelly & YUKIYANAGI,FUTURE,9,9.4,170,Light,TOA5TIE,None,images/FANTA5Y.jpg
Alone & Lorn,Extend Archive 2,Ponchi♪ feat.はぁち,FUTURE,9,9.6,100,Light,én & KLMNOP,None,images/Alone & Lorn.jpg
felys final remix,Extend Archive 2,onoken,FUTURE,9,9.5,180,Conflict,Dec18,None,images/felys final remix.jpg
On And On!! feat. Jenga,Extend Archive 2,ETIA.,FUTURE,9,9.5,170,Light,én and én!!,None,images/On And On!! feat. Jenga.jpg
Aleph-0,Extend Archive 2,LeaF,FUTURE,10,10.5,35-400,Conflict,ə₀,None,images/Aleph-0.jpg
HELLOHELL,Extend Archive 3,暁Records,FUTURE,7,7.5,155,Conflict,én,None,images/HELLOHELL.jpg
HELLOHELL,Extend Archive 3,暁Records,ETERNAL,9,9.3,155,Conflict,eién,None,images/HELLOHELL.jpg
〇、,Extend Archive 3,Kolaa & 熊子,FUTURE,9,9.5,145,Light,,None,images/〇、.jpg
MORNINGLOOM,Extend Archive 3,saaa,FUTURE,8+,8.8,102,Light,Exschwasion • 8:45,None,images/MORNINGLOOM.jpg
MORNINGLOOM,Extend Archive 3,saaa,ETERNAL,9+,9.8,102,Light,Exschwasion • 8:46,None,images/MORNINGLOOM.jpg
Awaken In Ruins,Extend Archive 3,Supa7onyz,FUTURE,9+,9.7,125,Conflict,antymis,None,images/Awaken In Ruins.jpg
Lethal Voltage,Extend Archive 3,siqlo,FUTURE,10,10.4,190,Conflict,moonquay [SHOCK],None,images/Lethal Voltage.jpg
Leave All Behind,Extend Archive 3,rider,FUTURE,9,9.2,150,Conflict,Luxance,None,images/Leave All Behind.jpg
Old School Salvage,Extend Archive 3,DJ SHARPNEL,FUTURE,9+,9.8,205,Conflict,antymis + Nitro,None,images/Old School Salvage.jpg
Distortion Human,Extend Archive 3,DJ Myosuke & KAJI,FUTURE,9+,9.9,200,Conflict,ディストーション・ルクアンス,None,images/Distortion Human.jpg
epitaxy,Extend Archive 3,Camellia,FUTURE,8,8.6,183,Light,Dec18,None,images/epitaxy.jpg
epitaxy,Extend Archive 3,Camellia,ETERNAL,9,9.6,183,Light,Dec18,None,images/epitaxy.jpg
Hailstone,Extend Archive 3,Kazki Misora,FUTURE,9+,9.7,180,Light,raycast,None,images/Hailstone.jpg
FURETE-MITAI,Extend Archive 3,みきとP,FUTURE,8,8.4,155,Light,nora::neko,None,images/FURETE-MITAI.jpg
FURETE-MITAI,Extend Archive 3,みきとP,ETERNAL,9,9.4,155,Light,nora::neko,None,images/FURETE-MITAI.jpg
prayer,Extend Archive 3,qfeileadh&レゾナンスもえこ,FUTURE,8,8.2,132,Light,nora::neko,None,images/prayer.jpg
prayer,Extend Archive 3,qfeileadh&レゾナンスもえこ,ETERNAL,9,9.1,132,Light,nora::neko,None,images/prayer.jpg
astral.exe,Extend Archive 3,Synzak & Laxeno57,FUTURE,9,9.5,174,Light,antymis.exe,None,images/astralexe.jpg
Black Mirror on the Wall,Extend Archive 3,暁Records,FUTURE,8,8.6,130,Conflict,Nitro,None,images/Blackmirror.webp
Black Mirror on the Wall,Extend Archive 3,暁Records,ETERNAL,9+,9.7,130,Conflict,Nitro,None,images/Blackmirror.webp
TRPNO,Extend Archive 3,Nauts,FUTURE,10,10,150,Light,raycast,None,images/Trpno.webp
τ (tau),Extend Archive 3,Wooden,FUTURE,9+,9.7,155,Light,ə (exschwasion),None,images/Tau.webp
Won't Back Down,Extend Archive 3,Pure 100% / KASA,FUTURE,9+,9.8,165,Conflict,én,None,images/Wontbackdown.webp
Someday,Extend Archive 3,NieN,FUTURE,9,9.5,136,Light,sidewaves + Exschwasion,None,images/Someday.webp
disintegration,Extend Archive 3,ひゅ〜ぶ,FUTURE,8,8.3,135,Light,raycast,None,images/Disintegration.webp
disintegration,Extend Archive 3,ひゅ〜ぶ,ETERNAL,9+,9.8,135,Light,raycast,None,images/Disintegration.webp
ROST PAGE GENE,Extend Archive 3,MYUKKE.,FUTURE,10,10.3,135,Light,NEON:ROAD:OKAY,None,images/ROST_PAGE_GENE.webp
DataErr0r,Memory Archive,Cosmograph,FUTURE,9,9.5,180,Conflict,ToastErr0r,None,images/DataErr0r.jpg
CROSS†SOUL,Memory Archive,HyuN feat. Syepias,FUTURE,9,9.4,200,Conflict,k//eternal,None,images/CROSS†SOUL.jpg
Your voice so... feat. Such,Memory Archive,PSYQUI,FUTURE,9,9.4,176,Light,Nitro,None,images/Your voice so.jpg
Impure Bird,Memory Archive,MIssionary,FUTURE,9,9.4,184,Light,Kurorak,None,images/Impure Bird.jpg
Auxesia,Memory Archive,ginkiha,FUTURE,9,9.3,183,Light,Nitroだー！,None,images/Auxesia.jpg
Modelista,Memory Archive,HiTECH NINJA,FUTURE,9+,9.9,165,Conflict,NiTRO,None,images/Modelista.jpg
Surrender,Memory Archive,void,FUTURE,8+,8.8,152,Light,Nitro,None,images/Surrender.jpg
Yosakura Fubuki,Memory Archive,A.SAKA,FUTURE,9,9.4,172,Light,k//eternal,None,images/Yosakura Fubuki.jpg
Metallic Punisher,Memory Archive,INNOCENT NOIZE,FUTURE,10,10.3,165,Conflict,Black Tea,None,images/Metallic Punisher.jpg
carmine:scythe,Memory Archive,かゆき,FUTURE,9,9.6,165,Conflict,週刊Toaster,None,images/carmine_scythe.jpg
γuarδina,Memory Archive,Aoi,FUTURE,10,10.4,202,Light,τoastεr,World Mode 2-4 + Clear αterlβus [FTR] with Grade A or higher,images/γuarδina.jpg
cry of viyella,Eternal Core,Laur,FUTURE,8+,8.7,75-180,Conflict,Toaster,None,images/cry of viyella.jpg
I've heard it said,Eternal Core,Combatplayer,FUTURE,8,8.1,165,Light,Toaster,None,images/I've heard it said.jpg
memoryfactory.lzh,Eternal Core,Frums,FUTURE,8+,8.9,100,Light,Nitro,None,images/memoryfactory.jpg
Relentless,Eternal Core,Akira Complex,FUTURE,8,8,174,Conflict,Nitro,None,images/Relentless.jpg
Lumia,Eternal Core,sky_delta,FUTURE,8,8.4,180,Light,Toaster missing Nitro.,None,images/Lumia.jpg
Lumia,Eternal Core,sky_delta,BEYOND,9,9.5,180,Light,Toaster.,World Mode L-7,images/Lumia_BYD.jpg
Essence of Twilight,Eternal Core,ak+q,FUTURE,9,9.1,164,Conflict,Nitro,"Clear cry of viyella [FTR], I've heard it said [FTR], memoryfactory.lzh [FTR], Relentless [FTR], Lumia [FTR]",images/Essence of Twilight.jpg
PRAGMATISM,Eternal Core,Laur,FUTURE,10,10.1,174,Light,東星,Clear Essence of Twilight [FTR] with Grade A or higher,images/PRAGMATISM.jpg
PRAGMATISM -RESURRECTION-,Eternal Core,Laur,BEYOND,11,11.2,174,Light,THE LAST DREAM,World Mode L-19,images/PRAGMATISM -RESURRECTION-.jpg
Sheriruth,Eternal Core,Team Grimoire,FUTURE,10,10,185,Conflict,夜浪,Clear Essence of Twilight [FTR] with Grade A or higher,images/Sheriruth.jpg
Solitary Dream,Eternal Core,ak+q feat. Sennzai,FUTURE,8+,8.8,162,Light,N/A,World Mode 5-1,images/Solitary Dream.jpg
Iconoclast,Vicious Labyrinth,Yamajet,FUTURE,9,9.1,140,Conflict,Toaster,None,images/Iconoclast.jpg
SOUNDWiTCH,Vicious Labyrinth,HATE,FUTURE,9+,9.8,170,Conflict,NiTRO,None,images/SOUNDWiTCH.jpg
trappola bewitching,Vicious Labyrinth,gmtn.,FUTURE,9+,9.9,190,Conflict,k//urorak,None,images/trappola bewitching.jpg
trappola bewitching,Vicious Labyrinth,gmtn.,BEYOND,10,10.6,190,Conflict,NITRO -mesmerize-,World Mode L-28,images/trappola bewitching_BYD.jpg
conflict,Vicious Labyrinth,siromaru + cranky,FUTURE,10,10.2,160,Conflict,toaster + nitro,"Clear Iconoclast [FTR], SOUNDWiTCH [FTR], trappola bewitching [FTR]",images/conflict.jpg
Axium Crisis,Vicious Labyrinth,ak+q,FUTURE,10,10.6,170,Conflict,The Monolith,Clear conflict [FTR] with Grade AA or higher,images/Axium Crisis.jpg
Grievous Lady,Vicious Labyrinth,Team Grimoire vs Laur,FUTURE,11,11.1,210,Conflict,迷路深層,[Anomaly] trigger and clear in Axium Crisis [FTR],images/Grievous Lady.jpg
Maze No.9,Luminous Sky,アリスシャッハと魔法の楽団,FUTURE,8+,8.9,159,Light,小東星,None,images/Maze No.9.jpg
The Message,Luminous Sky,Jun Kuroda,FUTURE,9+,9.7,202,Light,Toaster,None,images/The Message.jpg
Sulfur,Luminous Sky,ぺのれり,FUTURE,9+,9.7,182,Light,Shirorak,None,images/Sulfur.jpg
Halcyon,Luminous Sky,xi,FUTURE,10,10.5,191,Light,東星※太陽,"Clear Maze No.9 [FTR], The Message [FTR], Sulfur [FTR]",images/Halcyon.jpg
Ether Strike,Luminous Sky,Akira Complex,FUTURE,10,10.3,156,Light,Zero Sky,Clear Halcyon [FTR],images/Ether Strike.jpg
Fracture Ray,Luminous Sky,Sakuzyo,FUTURE,11,11.1,200,Light,Paradox Zero,[Anomaly] trigger and clear in Ether Strike [FTR],images/Fracture Ray.jpg
Saint or Sinner,Adverse Prelude,crayvxn,FUTURE,8+,8.8,164,Conflict,小終点,None,images/Saint or Sinner.jpg
Vindication,Adverse Prelude,Laur,FUTURE,9,9.6,174,Light,Nitro vs Toaster,None,images/Vindication.jpg
Heavensdoor,Adverse Prelude,LeaF,FUTURE,9+,9.9,240,Conflict,Black Tea,"Clear Saint or Sinner [FTR], Vindication [FTR]",images/Heavensdoor.jpg
Heavensdoor,Adverse Prelude,LeaF,BEYOND,10+,10.8,240,Conflict,東星※天の門,World Model L-18,images/Heavensdoor_BYD.jpg
Ringed Genesis,Adverse Prelude,Edelritter,FUTURE,10+,10.8,160,Light,夜浪 vs Nitro,Clear Heavensdoor [FTR],images/Ringed Genesis.jpg
BLRINK,Adverse Prelude,Sta,FUTURE,9+,9.7,115,Conflict,未来の縁,World Mode 5-2,images/BLRINK.jpg
Equilibrium,Black Fate,Maozon,FUTURE,9,9.4,180,Light,Kurorak,None,images/Equilibrium.jpg
Antagonism,Black Fate,Yooh vs. siromaru,FUTURE,9+,9.9,160,Conflict,Toaster,None,images/Antagonism.jpg
Lost Desire,Black Fate,Powerless feat. Sennzai,FUTURE,9+,9.8,170,Conflict,Darkest Dream,Play #1f1e33 [FTR],images/Lost Desire.jpg
Dantalion,Black Fate,Team Grimoire,FUTURE,10+,10.8,186,Conflict,"夜浪 X 東星 ""The Lost""",None,images/Dantalion.jpg
#1f1e33,Black Fate,かめりあ(EDP),FUTURE,11,11.1,181,Conflict,"夜浪 VS 東星 ""Convergence""","Clear Equilibrium [FTR], Antagonism [FTR],  Dantalion [FTR]",images/1f1e33.jpg
Tempestissimo,Black Fate,t+pazolite,FUTURE,10+,10.7,231,Conflict,Onslaught - Crescendo,[Special] clear the challenges in Black Fate,images/Tempestissimo.jpg
Tempestissimo,Black Fate,t+pazolite,BEYOND,11,11.7,231,Conflict,Finale - The Tempest,[Anomaly] trigger and clear in Tempestissimo [FTR],images/Tempestissimo_BYD.jpg
Arcahv,Black Fate,Feryquitous,FUTURE,9+,9.9,191,Light,∅,World Mode 5-6,images/Arcahv.jpg
Defection,Final Verdict / Silent Answer,TeddyLoid feat. DELTA,FUTURE,9+,9.8,160,Light,Monolith Incarnate,None,images/Defection.jpg
"Infinite Strife,",Final Verdict / Silent Answer,BlackYooh vs. siromaru,FUTURE,9+,9.9,198,Conflict,Inner Labyrinth,[Special] Complete the 1st challenge of Axiom of the End with [FTR] difficulty,"images/Infinite Strife,.jpg"
"Infinite Strife,",Final Verdict / Silent Answer,BlackYooh vs. siromaru,BEYOND,10+,10.9,198,Conflict,Inner Labyrinth,[Special] Complete the 1st challenge of Axiom of the End with [BYD] difficulty,"images/Infinite Strife,.jpg"
World Ender,Final Verdict / Silent Answer,sasakure.UK × TJ.hangneil,FUTURE,10,10,190-280,Light,Imaginary Sky,[Special] Complete the 2nd challenge of Axiom of the End with [FTR] difficulty,images/World Ender.jpg
World Ender,Final Verdict / Silent Answer,sasakure.UK × TJ.hangneil,BEYOND,11,11.1,190-280,Light,Imaginary Sky,[Special] Complete the 2nd challenge of Axiom of the End with [BYD] difficulty,images/World Ender.jpg
Pentiment,Final Verdict / Silent Answer,Nothing But Requiem with Museo,FUTURE,10,10.4,200-222,Conflict,Paradox Blight,[Special] Complete the 3rd challenge of Axiom of the End with [FTR] difficulty,images/Pentiment.jpg
Pentiment,Final Verdict / Silent Answer,Nothing But Requiem with Museo,BEYOND,11,11.5,200-222,Conflict,Paradox Blight,[Special] Complete the 3rd challenge of Axiom of the End with [BYD] difficulty,images/Pentiment.jpg
Arcana Eden,Final Verdict / Silent Answer,Team Grimoire vs Sakuzyo vs Laur,FUTURE,10,10.5,211,Conflict,Eye of the Storm,[Special] Complete the 4th challenge of Axiom of the End with [FTR] difficulty,images/Arcana Eden.jpg
Arcana Eden,Final Verdict / Silent Answer,Team Grimoire vs Sakuzyo vs Laur,BEYOND,11,11.6,211,Conflict,Eye of the Storm,[Special] Complete the 4th challenge of Axiom of the End with [BYD] difficulty,images/Arcana Eden.jpg
Testify,Final Verdict / Silent Answer,void (Mournfinale) feat. 星熊南巫,FUTURE,10+,10.9,178,Colorless,Black¦FUTURE,[Special] [Anomaly] Complete the 5th challenge of Axiom of the End with [FTR] difficulty,images/Testify.jpg
Testify,Final Verdict / Silent Answer,void (Mournfinale) feat. 星熊南巫,BEYOND,12,12,178,Colorless,Silent¦END,[Special] [Anomaly] Complete the 5th challenge of Axiom of the End with [BYD] difficulty,images/Testify.jpg
Loveless Dress,Final Verdict / Silent Answer,かねこちはる,FUTURE,9+,9.7,99,Colorless,Final Prayer,Unlock Silent Answer,images/Loveless Dress.jpg
Last,Final Verdict / Silent Answer,onoken,FUTURE,9,9,175,Colorless,Arcaea,Play Loveless Dress,images/Last.jpg
Last | Moment,Final Verdict / Silent Answer,onoken,BEYOND,9,9.6,175,Colorless,Arcaea,[Special] Play Last,images/Last_Moment.jpg
Last | Eternity,Final Verdict / Silent Answer,onoken,BEYOND,9+,9.7,175,Colorless,Arcaea,[Special] Play Last,images/Last_Eternity.jpg
Callima Karma,Final Verdict / Silent Answer,t+pazolite vs Feryquitous,FUTURE,9+,9.8,95,Colorless,Forlorn Dream,[Special] Play Last,images/Callima Karma.jpg
WAIT FOR DAWN,Lasting Eden / Served Eden,U-ske feat. 棗いつき,FUTURE,8+,8.7,188,Light,én,None,images/WAIT FOR DAWN.jpg
Raven's Pride,Lasting Eden / Served Eden,みーに feat. はらもりよしな,FUTURE,9,9.4,165,Conflict,Exschwasion,None,images/Raven's Pride.jpg
Rise of the World,Lasting Eden / Served Eden,cosMo@暴走P,FUTURE,10,10.5,182-212,Light,N⇑TRO,None,images/Rise of the World.jpg
UNKNOWN LEVELS,Lasting Eden / Served Eden,Yuta Imai,FUTURE,10,10.6,110-165,Conflict,⇓ 東星 vs Toaster ⇓,"Clear WAIT FOR DAWN [FTR], Raven's Pride [FTR], Rise of the World [FTR]",images/UNKNOWN LEVELS.jpg
Abstruse Dilemma,Lasting Eden / Served Eden,Ashrount vs. 打打だいず,FUTURE,11,11.3,216,Light,Remnant ⇑⇓ Volition,[Special] achieve the unlock conditions of Abstruse Dilemma,images/Abstruse Dilemma.jpg
Primeval Texture,Lasting Eden / Served Eden,くるぶっこちゃん,FUTURE,9,9,120,Light,CERiNG,None,images/Primeval Texture.jpg
Technicolour,Lasting Eden / Served Eden,Maozon,FUTURE,9+,9.8,175,Light,KLMNOP,None,images/Technicolour.jpg
Logos,Lasting Eden / Served Eden,polysha feat. 高城みよ,FUTURE,10,10.2,189,Conflict,絶滅,None,images/Logos.jpg
Ego Eimi,Lasting Eden / Served Eden,BlackY feat. Risa Yuzuki,FUTURE,10,10.5,178,Conflict,東星,"Clear Primeval Texture [FTR], Technicolour [FTR], Logos [FTR]",images/Ego Eimi.jpg
Arghena,Lasting Eden / Served Eden,Feryquitous vs Laur,FUTURE,11,11.3,185,Conflict,第三識 &quot;Pluriversality&quot;,[Special] [Anomaly] clear the challenges in Lasting Eden,images/Arghena.jpg
Transient Space,Lasting Eden / Served Eden,"sleepless, Gardens, aspect",FUTURE,9,9.5,115-132,Conflict,CERiNG -liminal-,None,images/Transient Space.jpg
Nameless Passion,Lasting Eden / Served Eden,天束 feat.Sennzai,FUTURE,9+,9.8,200,Conflict,Luxance,None,images/Nameless Passion.jpg
TeraVolt,Lasting Eden / Served Eden,Katali,FUTURE,10+,10.8,154,Conflict,超東星 × 雷夜浪,"Clear Transient Space [FTR] with Grade A or higher, Nameless Passion [FTR] with Grade A or higher",images/TeraVolt.jpg
Paradise,Crimson Solace,Sound Souler,FUTURE,7+,7.8,126,Light,Nitro,None,images/Paradise.jpg
Flashback,Crimson Solace,ARForest,FUTURE,8+,8.9,195,Light,Nitro,None,images/Flashback.jpg
Flyburg and Endroll,Crimson Solace,アリスシャッハと魔法の楽団,FUTURE,9,9,180,Light,NーHelix,"Clear Paradise [FTR], Flashback [FTR]",images/Flyburg and Endroll.jpg
Party Vinyl,Crimson Solace,モリモリあつし,FUTURE,9,9.4,132,Light,Party Toaster,"Clear Paradise [FTR], Flashback [FTR]",images/Party Vinyl.jpg
Party Vinyl,Crimson Solace,モリモリあつし,BEYOND,10,10.3,132,Light,Party Exschwasion,World Mode L-27,images/Party Vinyl_BYD.jpg
Nirv lucE,Crimson Solace,しーけー,FUTURE,10,10.2,260,Light,東星※紅空,Clear Flyburg and Endroll [FTR] with Grade A or higher + Party Vinyl [FTR] with Grade ｢A｣ or higher,images/Nirv lucE.jpg
GLORY：ROAD,Crimson Solace,uma vs. モリモリあつし,FUTURE,10,10.5,250,Light,東星※紅空,Clear Nirv lucE [FTR] with Grade ｢A｣ or above,images/GLORY：ROAD.jpg
Blossoms,Ambivalent Vision,T2Kazuya,FUTURE,7,7,138,Light,Nitro,None,images/Blossoms.jpg
Romance Wars,Ambivalent Vision,U-ske (feat. lueur),FUTURE,7+,7.8,187,Light,Kurorak,None,images/Romance Wars.jpg
Moonheart,Ambivalent Vision,翡乃イスカ,FUTURE,8,8.4,180,Light,Toaster,None,images/Moonheart.jpg
Moonheart,Ambivalent Vision,翡乃イスカ,BEYOND,9+,9.7,180,Light,Toaster,World Mode L-8,images/Moonheart_BYD.jpg
Genesis,Ambivalent Vision,Iris,FUTURE,8,8.2,132,Conflict,Haruba,"Clear Blossoms [FTR], Romance Wars [FTR], Moonheart [FTR]",images/Genesis.jpg
Lethaeus,Ambivalent Vision,Silentroom,FUTURE,9+,9.7,155,Conflict,夜浪,Clear Genesis [FTR],images/Lethaeus.jpg
corps-sans-organes,Ambivalent Vision,cybermiso,FUTURE,10,10.6,105,Conflict,夜浪｢月食｣,Clear Lethaeus [FTR] with Grade ｢A｣ or above,images/corps-sans-organes.jpg
next to you,Binary Enfold,uma feat. 橘花音,FUTURE,8+,8.8,165,Light,Nitro,None,images/next to you.jpg
next to you,Binary Enfold,uma feat. 橘花音,BEYOND,9,9.6,165,Light,Toastie,World Mode L-9,images/next to you_BYD.jpg
Silent Rush,Binary Enfold,Soleily,FUTURE,8,8.6,158,Conflict,TaroNuke,None,images/Silent Rush.jpg
Strongholds,Binary Enfold,Yooh,FUTURE,9,9.2,105,Conflict,TΔroNuke,None,images/Strongholds.jpg
Memory Forest,Binary Enfold,ETIA.,FUTURE,9+,9.8,178,Light,Kurorak,"Clear next to you [FTR], Silent Rush [FTR], Strongholds [FTR]",images/Memory Forest.jpg
Singularity,Binary Enfold,ETIA.,FUTURE,10,10.5,175,Conflict,東星※コラプサー,Clear Memory Forest [FTR] with Grade A or higher,images/Singularity.jpg
Singularity VVVIP,Binary Enfold,Arcaea Sound Team against. ETIA.,BEYOND,10,10.4,175,Conflict,Exschwasion against. 絶滅,World Model L-22,images/Singularity VVVIP.jpg
Cosmica,Binary Enfold,Nhato,FUTURE,8+,8.8,110,Conflict,Nitro missing Toaster.,None,images/Cosmica.jpg
Ascent,Binary Enfold,TANUKI,FUTURE,9+,9.8,145,Light,Exschwas↑on with CER↑NG,None,images/Ascent.jpg
Live Fast Die Young,Binary Enfold,anubasu-anubasu,FUTURE,10,10.6,153,Light,Nitro with Toaster.,Clear Cosmica [FTR] with Grade A or higher + Ascent [FTR] with Grade A or higher,images/Live Fast Die Young.jpg
Antithese,Absolute Reason,Blacklolita,FUTURE,8+,8.8,172,Conflict,chaos//engine,None,images/Antithese.jpg
Antithese,Absolute Reason,Blacklolita,BEYOND,9,9.6,172,Conflict,石樂,World Mode L-17,images/Antithese_BYD.jpg
Black Territory,Absolute Reason,DJ Myosuke,FUTURE,9+,9.8,200,Conflict,NitroNukeδ,None,images/Black Territory.jpg
Corruption,Absolute Reason,3R2,FUTURE,9+,9.8,170,Conflict,₸öα$†ε₹,None,images/Corruption.jpg
Vicious Heroism,Absolute Reason,Kobaryo,FUTURE,10,10,256,Conflict,Nitro vanquish Toaster.,Clear Antithese [FTR] + Black Territory [FTR] + Corruption [FTR],images/Vicious Heroism.jpg
Vicious [ANTi] Heroism,Absolute Reason,Kobaryo,BEYOND,11,11.2,271,Conflict,[FUTiLE] Defiance,World Mode B1-7,images/Vicious [ANTi] Heroism.jpg
Cyaegha,Absolute Reason,USAO,FUTURE,10+,10.7,200,Conflict,夜浪、旧支配者,Clear Vicious Heroism [FTR],images/Cyaegha.jpg
Chelsea,Sunset Radiance,7mai,FUTURE,8+,8.9,174,Light,TaroNuke,None,images/Chelsea.jpg
AI[UE]OON,Sunset Radiance,MYUKKE.,FUTURE,9,9.4,145,Light,N[I]TRO,Play Chelsea [FTR],images/AI[UE]OON.jpg
A Wandering Melody of Love,Sunset Radiance,からとP⍺ոchii少年 feat.はるの,FUTURE,9,9.6,165,Light,恋のToaster,Play AI[UE]OON [FTR],images/A Wandering Melody of Love.jpg
Tie me down gently,Sunset Radiance,溝口ゆうま feat. 大瀬良あい,FUTURE,8,8.3,191,Conflict,Kurorak,Play A Wandering Melody of Love [FTR],images/Tie me down gently.jpg
Valhalla:0,Sunset Radiance,Juggernaut.,FUTURE,10,10.2,200,Conflict,夜浪,Play Tie me down gently [FTR],images/Valhalla0.jpg
Hotarubi no Yuki,Sunset Radiance,Endorfin.,FUTURE,9+,9.7,159,Light,0°Nitro,World Mode 8-2 + Play A Wandering Melody of Love [FTR],images/Hotarubi no Yuki.jpg
Alice à la mode,Ephemeral Page,Masanori Akita,FUTURE,9,9.2,80-134,Light,Toaster,None,images/Alice à la mode.jpg
Eccentric Tale,Ephemeral Page,Yamajet,FUTURE,8,8.4,132,Conflict,Nitro,None,images/Eccentric Tale.jpg
Alice's Suitcase,Ephemeral Page,Endorfin.,FUTURE,9,9.1,190,Light,Kurorak,None,images/Alice's Suitcase.jpg
Jump,Ephemeral Page,Rasmus Faber,FUTURE,9,9,133,Light,Nitroだー！,"Clear Alice à la mode [FTR], Eccentric Tale [FTR], Alice's Suitcase [FTR]",images/Jump.jpg
Felis,Ephemeral Page,M2U,FUTURE,10,10.4,155,Light,東星,Clear Jump [FTR] with Grade ｢A｣ or above,images/Felis.jpg
Beside You,Ephemeral Page,江口孝宏,FUTURE,8+,8.7,181,Light,CERiNG,None,images/Beside You.jpg
Heart Jackin',Ephemeral Page,Yu_Asahina,FUTURE,9+,9.7,160,Light,TaroNuke + Nitro,None,images/Heart Jackin'.jpg
To: Alice Liddell,Ephemeral Page,モリモリあつし,FUTURE,10,10.3,222,Conflict,"Yours Sincerely, 夜浪","Clear Beside You [FTR] with Grade A or higher, Heart Jackin' [FTR] with Grade A or higher",images/To Alice Liddell.jpg
Paper Witch,Esoteric Order,Yu-dachi,FUTURE,8+,8.7,130,Light,CERiNG,None,images/Paper Witch.jpg
Crystal Gravity,Esoteric Order,Tanchiky vs siromaru,FUTURE,9,9.4,178,Conflict,Exschwasion,None,images/Crystal Gravity.jpg
Far Away Light,Esoteric Order,technoplanet feat. はるの & 黒沢ダイスケ,FUTURE,9+,9.8,180-216,Light,Toaster,None,images/Far Away Light.jpg
Löschen,Esoteric Order,BlackY feat. Risa Yuzuki,FUTURE,10,10.2,181,Conflict,絶滅,"lear Paper Witch [FTR], Crystal Gravity [FTR], Far Away Light [FTR]",images/Löschen.jpg
Aegleseeker,Esoteric Order,Silentroom vs Frums,FUTURE,11,11.2,234,Light,L6ː The Void,[Anomaly] achieve the unlock conditions of Aegleseeker,images/Aegleseeker.jpg
Seclusion,Esoteric Order,Laur feat. Sennzai,FUTURE,10,10.6,175,Conflict,N•Ex•T,World Mode 6-2,images/Seclusion.jpg
Coastal Highway,Esoteric Order,Glitch Droids,FUTURE,9,9.1,110,Light,Exschwasion,None,images/Coastal Highway.jpg
ΟΔΥΣΣΕΙΑ,Esoteric Order,Sober Bear,FUTURE,9,9.5,174,Conflict,ΤΟΑΣΤΕΡ,None,images/ΟΔΥΣΣΕΙΑ.jpg
Overwhelm,Esoteric Order,xi,FUTURE,10,10.6,200,Light,夜浪,"Clear Coastal Highway [FTR] with Grade A or higher, ΟΔΥΣΣΕΙΑ [FTR] with Grade A or higher",images/Overwhelm.jpg
Small Cloud Sugar Candy,Esoteric Order,テヅカ x Aoi feat.桃雛なの,FUTURE,9,9.3,220,Light,én,None,images/Small Cloud Sugar Candy.jpg
AlterAle,Esoteric Order,Arik Kau Delay (アラ & かゆき & でり),FUTURE,9+,9.7,220-245,Light,CERiNG,None,images/AlterAle.jpg
Divine Light of Myriad,Esoteric Order,yoho,FUTURE,10,10.8,172,Light,東星※神授,"Clear Small Cloud Sugar Candy [FTR] with Grade A or higher, AlterAle [FTR] with Grade A or higher",images/Divine Light of Myriad.jpg
First Snow,Divided Heart,黑魔,FUTURE,7+,7.8,88,Light,Nitro,None,images/First Snow.jpg
Blue Rose,Divided Heart,Cosmograph,FUTURE,9,9.1,250-295,Light,CERiNG,None,images/Blue Rose.jpg
Blocked Library,Divided Heart,影虎。,FUTURE,9,9.3,148,Conflict,Exschwasion,None,images/Blocked Library.jpg
nέo κósmo,Divided Heart,ak+q × Street,FUTURE,9+,9.7,190,Conflict,Nitro × Toaster,"Clear First Snow [FTR], Blue Rose [FTR], Blocked Library [FTR]",images/nέo κósmo.jpg
Lightning Screw,Divided Heart,HiTECH NINJA,FUTURE,10,10.5,190,Light,東星,Clear nέo κósmo [FTR] with Grade A or higher,images/Lightning Screw.jpg
Moonlight of Sand Castle,Dynamix,旅人E,FUTURE,7+,7.8,160,Light,Kurorak,None,images/Moonlight of Sand Castle.jpg
REconstruction,Dynamix,Ryazan,FUTURE,8,8.4,180,Light,Nitro,None,images/REconstruction.jpg
Evoltex (poppi'n mix),Dynamix,Arch vs n3pu,FUTURE,8+,8.9,205,Light,k//eternal,None,images/Evoltex.jpg
Oracle,Dynamix,TQ☆,FUTURE,9,9.3,152,Conflict,Nitro,"Clear Moonlight of Sand Castle [FTR], REconstruction [FTR], Evoltex (poppi'n mix) [FTR]",images/Oracle.jpg
αterlβus,Dynamix,Aoi,FUTURE,10,10.2,202,Conflict,τoastεr,Clear Oracle [FTR],images/αterlβus.jpg
Dream goes on,Lanota,Tiny Minim,FUTURE,7+,7.8,174,Light,k//eternal,None,images/Dream goes on.jpg
Journey,Lanota,ARForest,FUTURE,9,9.1,200,Light,Kurorak,None,images/Journey.jpg
Specta,Lanota,Junk,FUTURE,9,9.4,179,Light,Toaster,None,images/Specta.jpg
Quon,Lanota,Feryquitous,FUTURE,9,9.6,189,Light,Nitro,"Clear Dream goes on [FTR], Journey [FTR], Specta [FTR]",images/Quon_lanota.jpg
cyanine,Lanota,jioyi,FUTURE,10,10.6,182,Conflict,夜浪,Clear Quon [FTR] with grade A or higher,images/cyanine.jpg
Prism,Lanota,bermei.inazawa feat. Chata,FUTURE,8,8,107-109,Light,CERiNG,None,images/Prism.jpg
Protoflicker,Lanota,Silentroom,FUTURE,9+,9.8,140,Conflict,antymis <prototype>,None,images/Protoflicker.jpg
Stasis,Lanota,Maozon,FUTURE,10+,10.8,180,Light,東星,"Clear Prism [FTR] with Grade A or higher, Protoflicker [FTR] with Grade A or higher",images/Stasis.jpg
Hikari,Tone Sphere,THB,FUTURE,8,8.1,130,Conflict,OptoNuke,None,images/Hikari.jpg
Hall of Mirrors,Tone Sphere,Sta,FUTURE,8,8.2,147,Conflict,Toaster,None,images/Hall of Mirrors.jpg
STAGER (ALL STAGE CLEAR),Tone Sphere,Ras,FUTURE,9,9.5,145,Light,KURORAK,None,images/STAGER.jpg
Linear Accelerator,Tone Sphere,THE SHAFT,FUTURE,9+,9.8,200-211.9,Light,THE TOAST,"Clear Hikari [FTR], Hall of Mirrors [FTR], STAGER (ALL STAGE CLEAR) [FTR]",images/Linear Accelerator.jpg
Tiferet,Tone Sphere,xi + Sta,FUTURE,10,10.3,78-142,Conflict,夜浪[Spherical],Clear Linear Accelerator [FTR] with grade A or higher,images/Tiferet.jpg
MERLIN,Groove Coaster,REDALiCE,FUTURE,8+,8.9,180,Light,Got More Taro?,None,images/MERLIN.jpg
MERLIN,Groove Coaster,REDALiCE,BEYOND,9,9.4,180,Light,EXSCHWASiON,World Model L-24,images/MERLIN.jpg
DX Choseinou Full Metal Shojo,Groove Coaster,IOSYS TRAX (uno with. ちよこ),FUTURE,9+,9.7,160,Light,DX譜面作者フルメタルNitro,None,images/DX Choseinou Full Metal Shojo.jpg
OMAKENO Stroke,Groove Coaster,t+pazolite,FUTURE,9,9.5,240,Conflict,Kurorak,None,images/OMAKENO Stroke.jpg
OMAKENO Stroke,Groove Coaster,t+pazolite,BEYOND,10,10.3,240,Conflict,NITRO,World Model L-25,images/OMAKENO Stroke.jpg
Scarlet Lance,Groove Coaster,MASAKI (ZUNTATA),FUTURE,10,10,185,Light,闇運,"Clear MERLIN [FTR], DX Choseinou Full Metal Shojo [FTR], OMAKENO Stroke [FTR]",images/Scarlet Lance.jpg
ouroboros -twin stroke of the end-,Groove Coaster,Cranky VS MASAKI,FUTURE,10+,10.7,188,Conflict,Groove 東星,Clear Scarlet Lance [FTR],images/ouroboros -twin stroke of the end-.jpg
Got hive of Ra,Groove Coaster,E.G.G.,FUTURE,9+,9.8,268,Light,Groove Nitro,"Clear MERLIN [FTR], DX Choseinou Full Metal Shojo [FTR], OMAKENO Stroke [FTR]",images/Got hive of Ra.jpg
Sign of &quot;10.5km&quot;,Groove Coaster,渡部恭久,FUTURE,9,9.2,160,Light,Dec18,None,images/Sign of 10.5km.jpg
10pt8ion,Groove Coaster,Lite Show Magic,FUTURE,9+,9.8,128-185,Conflict,Nite Schwa Power,None,images/10pt8ion.jpg
10pt8ion,Groove Coaster,Lite Show Magic,ETERNAL,10,10.5,128-185,Conflict,Nite Schwa Power,None,images/10pt8ion.jpg
Black MInD,Groove Coaster,COSIO,FUTURE,10+,10.8,192,Conflict,聖輪,"Clear Sign of ""10.5km"" [FTR], 10pt8ion [FTR]",images/Black MInD.jpg
Garakuta Doll Play,CHUNITHM,t+pazolite,FUTURE,10,10.4,256,Conflict,Arcaea Charting Teamからの挑戦状,None,images/Garakuta Doll Play.jpg
Ikazuchi,CHUNITHM,光吉猛修,FUTURE,10,10.3,200,Conflict,先史の機械神【夜浪】,None,images/Ikazuchi.jpg
World Vanquisher,CHUNITHM,void (Mournfinale),FUTURE,10+,10.7,170,Light,処刑人【東星】,"World Mode 4-4 + Clear Garakuta Doll Play [FTR], Clear Ikazuchi [FTR]",images/World Vanquisher.jpg
Climax,CHUNITHM,USAO,FUTURE,10,10.4,190,Conflict,Nitro -EXTRA ROUND-,None,images/Climax.jpg
Last Celebration,CHUNITHM,Laur vs CK,FUTURE,10,10.4,238,Conflict,Nitro affected by 'CHUNITHM',None,images/Last Celebration.jpg
Misdeed -la bonté de Dieu et l'origine du mal-,CHUNITHM,光吉猛修 VS 穴山大輔,FUTURE,10+,10.9,190,Light,神の啓示｢人類の未来｣,"Clear Climax [FTR], Last Celebration [FTR]",images/Misdeed -la bonté de Dieu et l'origine du mal-.jpg
Cosmo Pop Funclub,CHUNITHM,ナユタン星人,FUTURE,8+,8.8,129,Conflict,Nitro NEW!!,None,images/Cosmo Pop Funclub.jpg
IMPACT,CHUNITHM,USAO feat. 光吉猛修,FUTURE,9,9.6,210,Light,én feat. écologie,None,images/IMPACT.jpg
IMPACT,CHUNITHM,USAO feat. 光吉猛修,BEYOND,10,10.4,210,Light,Toaster NEW!!,World Model L-31,images/IMPACT.jpg
Genesis_chunithm,CHUNITHM,Morrigan feat.Lily,FUTURE,9+,9.8,150,Conflict,Exschwasion,None,images/Genesis_chunithm.jpg
Trrricksters!!,CHUNITHM,s-don vs. 翡乃イスカ,FUTURE,10,10.1,155,Conflict,絶滅,"Clear Cosmo Pop Funclub [FTR], IMPACT [FTR], Genesis [FTR]",images/Trrricksters!!.jpg
Spider's Thread,CHUNITHM,きくお×cosMo＠暴走P feat. 影縫英,FUTURE,10+,10.8,180,Conflict,夜浪 &lt;-&gt;,Clear Trrricksters!! [FTR],images/Spider's Thread.jpg
BlazinG AIR,CHUNITHM,kanone,FUTURE,8+,8.9,150,Light,BlazinG ÉND,None,images/BlazinG AIR.jpg
BlazinG AIR,CHUNITHM,kanone,ETERNAL,10,10.1,150,Light,BlazinG ÉND,None,images/BlazinG AIR.jpg
8-EM,CHUNITHM,Sampling Masters AYA,FUTURE,9,9.5,168,Conflict,Rave Gallery,None,images/8-EM.jpg
8-EM,CHUNITHM,Sampling Masters AYA,ETERNAL,10,10.3,168,Conflict,X-SCHWASION,None,images/8-EM.jpg
Ignition,CHUNITHM,パソコン音楽クラブ,FUTURE,9+,9.8,160,Light,るくあんす,"Clear BlazinG AIR [FTR], 8-EM [FTR]",images/Ignition.jpg
DA'AT -The First Seeker of Souls-,CHUNITHM,水野健治 VS 大国奏音,FUTURE,10+,10.9,222,Conflict,夜浪 -Revolutions-,Clear Ignition [FTR],images/DA'AT -The First Seeker of Souls-.jpg
Lazy Addiction,O.N.G.E.K.I,sky_delta,FUTURE,9,9.6,185,Light,Nitro without Toaster.,None,images/Lazy Addiction.jpg
Dazzle hop,O.N.G.E.K.I,Sampling Masters MEGA,FUTURE,9+,9.7,220,Conflict,Kuro rak,None,images/Dazzle hop.jpg
Viyella's Tears,O.N.G.E.K.I,Laur,FUTURE,10,10.3,218,Conflict,東星の涙,"Clear Lazy Addiction [FTR], Dazzle hop [FTR]",images/Viyella's Tears.jpg
ω4,O.N.G.E.K.I,穴山大輔 VS 光吉猛修 VS Kai,FUTURE,10+,10.8,71-192,Light,τ0,Clear Viyella's Tears [FTR],images/ω4.jpg
Heart,O.N.G.E.K.I,削除 (Violin : Katali),FUTURE,9,9.6,80,Light,écologie (from SEGA),None,images/Heart.jpg
Ai Drew,O.N.G.E.K.I,Feryquitous,FUTURE,9+,9.8,175,Conflict,moonquay v.MASTER,None,images/Ai Drew.jpg
FLUFFY FLASH,O.N.G.E.K.I,Kobaryo,FUTURE,9+,9.8,252,Light,Toaster,None,images/FLUFFY FLASH.jpg
"Good bye, Merry-Go-Round.",O.N.G.E.K.I,Yooh,FUTURE,10,10.6,185,Conflict,絶滅,"Clear Heart [FTR], Ai Drew [FTR], FLUFFY FLASH [FTR]","images/Good bye, Merry-Go-Round.jpg"
LAMIA,O.N.G.E.K.I,BlackY,FUTURE,11,11,199,Conflict,[漆黒の執行者] 夜浪,"Clear Good bye, Merry-Go-Round. [FTR]",images/LAMIA.jpg
LiftOff,O.N.G.E.K.I,MAYA AKAI,FUTURE,8,8.2,137,Conflict,Luxance's Case-Book,None,images/LiftOff.jpg
LiftOff,O.N.G.E.K.I,MAYA AKAI,ETERNAL,9,9.8,137,Conflict,Luxance's Case-Book,None,images/LiftOff.jpg
SUPER AMBULANCE,O.N.G.E.K.I,AJURIKA,FUTURE,10,10.3,200,Light,moonquay v.MASTER,None,images/SUPER AMBULANCE.jpg
Don't Fight The Music,O.N.G.E.K.I,黑魔,FUTURE,9,9.3,190-200,Conflict,絶滅 (AQUA) Lv.70,None,images/Don't Fight The Music.jpg
Don't Fight The Music,O.N.G.E.K.I,黑魔,ETERNAL,10,10.7,190-200,Conflict,絶滅 (AQUA) Lv.70,"Clear Don't Fight The Music [FTR], LiftOff [FTR], SUPER AMBULANCE [FTR]",images/Don't Fight The Music.jpg
And Revive The Melody,O.N.G.E.K.I,黑魔,FUTURE,10+,10.9,210-220,Conflict,夜浪 (FIRE) Lv.75,Play Don't Fight The Music [ETR],images/And Revive The Melody.jpg
April showers,maimai,cubesato,FUTURE,8,8.6,79,Light,Nitro-100号,None,images/April showers.jpg
7thSense,maimai,削除,FUTURE,9+,9.9,150,Conflict,石樂,None,images/7thSense.jpg
Oshama Scramble!,maimai,t+pazolite,FUTURE,10,10,190,Light,Nitro!+999牛乳,"Clear April showers [FTR], 7thSense [FTR]",images/Oshama Scramble!.jpg
AMAZING MIGHTYYYY!!!!,maimai,WAiKURO,FUTURE,10+,10.7,185,Conflict,AMAZING TOASTYYYY!!!!,Clear Oshama Scramble! [FTR],images/AMAZING MIGHTYYYY!!!!.jpg
CYCLES,maimai,Masayoshi Minoshima feat. 綾倉盟,FUTURE,8+,8.8,135,Light,N-Helix,None,images/CYCLES.jpg
MAXRAGE,maimai,EBIMAYO,FUTURE,9+,9.9,222,Conflict,EXSCHWASiON,None,images/MAXRAGE.jpg
[X],maimai,Blacklolita,FUTURE,10,10.6,162-180,Conflict,東星,"Clear CYCLES [FTR], MAXRAGE [FTR]",images/[X].jpg
TEmPTaTiON,maimai,かねこちはる,FUTURE,10+,10.9,160,Light,EXtINcTiON,Clear [X] [FTR],images/TEmPTaTiON.jpg
BREaK! BREaK! BREaK!,maimai,HiTECH NINJA vs Cranky,FUTURE,8+,8.8,165,Conflict,écologie,None,images/BREaK! BREaK! BREaK!.jpg
BREaK! BREaK! BREaK!,maimai,HiTECH NINJA vs Cranky,ETERNAL,10,10.3,165,Conflict,EXSCHWASiON vs 絶滅,None,images/BREaK! BREaK! BREaK!.jpg
Straight into the lights,maimai,Cosmograph,FUTURE,9,9.5,90,Conflict,nora::kuma,None,images/Straight into the lights.jpg
Straight into the lights,maimai,Cosmograph,ETERNAL,10,10.5,90,Conflict,反水 × 夜浪,None,images/Straight into the lights.jpg
ViRTUS,maimai,Hiro,FUTURE,9+,9.9,225,Light,NiTRO,"Clear BREaK! BREaK! BREaK! [FTR], Straight into the lights [FTR]",images/ViRTUS.jpg
ViRTUS,maimai,Hiro,ETERNAL,10+,10.9,225,Light,NiTRO,"Clear BREaK! BREaK! BREaK! [ETR], Straight into the lights [ETR]",images/ViRTUS.jpg
yomibito_shirazu,maimai,Limonène (サノカモメ+月島春果),FUTURE,9+,9.8,188,Light,<!-- raycast -->,Play ViRTUS [FTR],images/yomibito_shirazu.jpg
Quon,WACCA,DJ Noriken,FUTURE,8+,8.7,170,Conflict,CERiNG,None,images/Quon_wacca.jpg
Quon,WACCA,DJ Noriken,BEYOND,10,10.2,170,Conflict,XIII: The Journey/Nitro,World Mode L-13,images/Quon_wacca.jpg
with U,WACCA,t+pazolite & Massive New Krew feat. リリィ(CV:青木志貴),FUTURE,9,9.4,155,Light,én,None,images/with U.jpg
Let you DIVE! (nitro rmx),WACCA,nitro (lowiro),FUTURE,9,9.4,185,Light,Nitro,None,images/Let you DIVE!.jpg
Mazy Metroplex,WACCA,aran,FUTURE,9+,9.8,155,Light,Exschwasion,"Clear Quon [FTR], with U [FTR], Let you DIVE! (nitro rmx) [FTR]",images/Mazy Metroplex.jpg
GENOCIDER,WACCA,DJ Myosuke,FUTURE,10+,10.8,250-390,Conflict,Toaster,Clear Mazy Metroplex [FTR] with Grade ｢A｣ or higher,images/GENOCIDER.jpg
Stratoliner,WACCA,C-Show,FUTURE,9,9.6,175,Conflict,Exschwasion,None,images/Stratoliner.jpg
Ouvertüre,WACCA,USAO & DJ Genki feat. ルーン(CV:河瀬茉希),FUTURE,9+,9.8,200,Conflict,るくあんす,None,images/Ouvertüre.jpg
XTREME,WACCA,USAO,FUTURE,10,10.5,205,Conflict,絕滅,"Clear Stratoliner [FTR], Ouvertüre [FTR]",images/XTREME.jpg
eden,WACCA,&quot;漆黒&quot;の堕天使《Gram》†Versus†&quot;聖刻&quot;の熾天使《Gram》,FUTURE,10,10.5,246,Conflict,反水,"Clear Stratoliner [FTR], Ouvertüre [FTR]",images/eden.jpg
Meta-Mysteria,WACCA,DJ Noriken,FUTURE,10+,10.8,205,Light,VII: THE CHARIOT/夜浪,"Clear XTREME [FTR], eden [FTR]",images/Meta-Mysteria.jpg
Lights of Muse,Muse Dash,Ayatsugu_Otowa,FUTURE,8+,8.9,180,Light,antymis,None,images/Lights of Muse.jpg
Final Step!,Muse Dash,Lime,FUTURE,9,9.4,180,Conflict,CERiNG,None,images/Final Step!.jpg
Haze of Autumn,Muse Dash,karatoP⍺ոchii feat.はるの,FUTURE,9+,9.8,180,Light,秋のén,"Clear Lights of Muse [FTR], Final Step! [FTR]",images/Haze of Autumn.jpg
Medusa,Muse Dash,HiTECH NINJA,FUTURE,10,10.1,165,Conflict,Toaster,Clear Haze of Autumn [FTR],images/Medusa.jpg
Bullet Waiting for Me (James Landino remix),Cytus II,Nikki Simmons,FUTURE,8,8.1,107,Light,CERiNG,None,images/Bullet Waiting for Me.jpg
Devillic Sphere,Cytus II,3R2,FUTURE,9+,9.9,160,Conflict,₸öα$†ε₹,None,images/Devillic Sphere.jpg
Lucid Traveler,Cytus II,Akira Complex vs 3R2,FUTURE,10,10.5,170-200,Conflict,Toaster vs ₸öα$†ε₹,"Clear Bullet Waiting for Me (James Landino remix) [FTR], Devillic Sphere [FTR]",images/Lucid Traveler.jpg
CHAOS,Cytus II,Æsir,FUTURE,10+,10.9,150,Conflict,絶滅,Clear Lucid Traveler [FTR],images/CHAOS.jpg
Used to be,Cytus II,KIVΛ,FUTURE,9,9.2,140,Light,Luxance + Nitro,Play CHAOS [FTR] or Clear CHAOS [PRS],images/Used to be.jpg
syūten,Cytus II,Apo11o&quot;COLLAPSAR&quot;program ft. 大瀬良あい,FUTURE,8,8.5,76-96,Light,antymīs,None,images/syūten.jpg
DRG,Cytus II,onoken,FUTURE,9,9.4,155,Light,_CHAOS,None,images/DRG.jpg
99 Glooms,Cytus II,Sta,FUTURE,10,10.3,185,Conflict,終点,None,images/99 Glooms.jpg
͟͝͞Ⅱ́̕,Cytus II,Cytus,FUTURE,10+,10.8,130-150,Conflict,Cam_Library_702_12_29,Clear 99 Glooms [FTR],images/͟͝͞Ⅱ́̕.jpg
Magnolia,Cytus II,M2U Vocal by Guriri,FUTURE,10,10.2,160,Light,Lacrimosa,[Special] Spelling Magnolia by selecting songs.,images/Magnolia.jpg
Waltz for Lorelei,Rotaeno,Sobrem & 庭師,FUTURE,8+,8.8,220,Light,antymis,None,images/Waltz for Lorelei.jpg
Waltz for Lorelei,Rotaeno,Sobrem & 庭師,ETERNAL,9+,9.8,220,Light,antymis,None,images/Waltz for Lorelei.jpg
Dual Doom Deathmatch,Rotaeno,Kobaryo vs HyuN,FUTURE,8+,8.9,222,Conflict,NITRO,None,images/Dual Doom Deathmatch.jpg
Dual Doom Deathmatch,Rotaeno,Kobaryo vs HyuN,ETERNAL,10,10.3,222,Conflict,NITRO,None,images/Dual Doom Deathmatch.jpg
Inverted World,Rotaeno,ARForest,FUTURE,9,9.5,180,Light,↑én↓,None,images/Inverted World.jpg
Inverted World,Rotaeno,ARForest,ETERNAL,10+,10.7,180,Light,↑én↓,Clear Inverted World [FTR] with a Full Recall or Clear Inverted World [FTR] with Grade AA or higher 3 times,images/Inverted World.jpg
MVURBD,Rotaeno,ETIA.,FUTURE,10,10.6,175,Conflict,絶滅,"Clear Waltz for Lorelei [FTR], Inverted World [FTR], Dual Doom Deathmatch [FTR]",images/MVURBD.jpg
Vulcānus,Rotaeno,Team Grimoire vs Aoi,FUTURE,10+,10.9,212,Light,Volution IV,Clear MVURBD [FTR],images/Vulcānus.jpg